trip_id,driver_id,trip_date,pickup_hour,day_of_week,city,ride_type,weather,traffic_level,distance_km,duration_min,surge_multiplier,fare,ride_status,payment_method,customer_rating,date_only,month
1,106,2024-01-01 00:00:00,0,Monday,Bangalore,Sedan,Clear,Low,17.47,39.54,1.0,303.78,Completed,UPI,5.0,2024-01-01,2024-01
2,119,2024-01-01 06:00:00,6,Monday,Bangalore,Mini,Rain,Low,9.06,29.07,1.5,298.12,Completed,Cash,4.5,2024-01-01,2024-01
3,128,2024-01-01 12:00:00,12,Monday,Bangalore,Mini,Rain,Medium,19.21,89.24,1.5,630.87,Completed,UPI,4.5,2024-01-01,2024-01
4,114,2024-01-01 18:00:00,18,Monday,Chennai,Sedan,Rain,High,4.4,33.82,2.0,323.27,Completed,Cash,4.0,2024-01-01,2024-01
5,110,2024-01-02 00:00:00,0,Tuesday,Bangalore,Sedan,Rain,Low,3.84,12.61,1.5,170.42,Completed,Cash,4.5,2024-01-02,2024-01
6,107,2024-01-02 06:00:00,6,Tuesday,Bangalore,Sedan,Rain,Low,13.86,45.82,1.5,420.37,Cancelled,Cash,3.5,2024-01-02,2024-01
7,128,2024-01-02 12:00:00,12,Tuesday,Chennai,Mini,Clear,Medium,18.97,55.88,1.0,351.46,Completed,Cash,5.0,2024-01-02,2024-01
8,120,2024-01-02 18:00:00,18,Tuesday,Bangalore,Mini,Clear,High,16.56,98.56,1.5,619.07,Completed,UPI,4.5,2024-01-02,2024-01
9,106,2024-01-03 00:00:00,0,Wednesday,Bangalore,Sedan,Clear,Low,3.38,8.58,1.0,100.96,Completed,Cash,5.0,2024-01-03,2024-01
10,125,2024-01-03 06:00:00,6,Wednesday,Bangalore,Mini,Clear,Low,7.03,19.78,1.0,159.86,Completed,Card,5.0,2024-01-03,2024-01
11,118,2024-01-03 12:00:00,12,Wednesday,Bangalore,Sedan,Clear,Medium,18.75,70.93,1.0,379.36,Completed,Card,5.0,2024-01-03,2024-01
12,122,2024-01-03 18:00:00,18,Wednesday,Hyderabad,Sedan,Clear,High,6.56,19.74,1.5,232.61,Completed,UPI,4.5,2024-01-03,2024-01
13,110,2024-01-04 00:00:00,0,Thursday,Bangalore,Sedan,Clear,Low,16.06,33.4,1.0,277.39,Completed,Cash,5.0,2024-01-04,2024-01
14,110,2024-01-04 06:00:00,6,Thursday,Chennai,Sedan,Rain,Low,16.85,70.27,1.5,538.57,Completed,Card,4.5,2024-01-04,2024-01
15,123,2024-01-04 12:00:00,12,Thursday,Bangalore,Auto,Rain,Medium,10.92,54.15,1.5,401.26,Completed,UPI,4.5,2024-01-04,2024-01
16,120,2024-01-04 18:00:00,18,Thursday,Chennai,Auto,Clear,High,8.95,33.26,1.5,309.04,Completed,Cash,4.5,2024-01-04,2024-01
17,103,2024-01-05 00:00:00,0,Friday,Bangalore,Mini,Clear,Low,10.1,29.69,1.0,210.37,Completed,Card,5.0,2024-01-05,2024-01
18,107,2024-01-05 06:00:00,6,Friday,Bangalore,Mini,Rain,Low,6.09,22.97,1.5,235.25,Cancelled,Card,3.5,2024-01-05,2024-01
19,123,2024-01-05 12:00:00,12,Friday,Hyderabad,Mini,Clear,Medium,18.01,53.06,1.0,336.21,Completed,UPI,5.0,2024-01-05,2024-01
20,102,2024-01-05 18:00:00,18,Friday,Hyderabad,Mini,Rain,High,10.11,63.97,2.0,558.1,Completed,Cash,4.0,2024-01-05,2024-01
21,121,2024-01-06 00:00:00,0,Saturday,Hyderabad,Sedan,Clear,Low,17.88,52.56,1.0,333.92,Completed,Cash,5.0,2024-01-06,2024-01
22,120,2024-01-06 06:00:00,6,Saturday,Bangalore,Auto,Clear,Low,3.9,11.29,1.0,111.58,Completed,Card,5.0,2024-01-06,2024-01
23,101,2024-01-06 12:00:00,12,Saturday,Bangalore,Mini,Rain,Medium,19.79,75.86,1.5,599.42,Completed,Card,4.5,2024-01-06,2024-01
24,123,2024-01-06 18:00:00,18,Saturday,Bangalore,Mini,Clear,High,9.98,47.63,1.5,367.59,Completed,Card,4.5,2024-01-06,2024-01
25,111,2024-01-07 00:00:00,0,Sunday,Chennai,Mini,Clear,Low,2.86,8.79,1.0,96.18,Completed,Cash,5.0,2024-01-07,2024-01
26,129,2024-01-07 06:00:00,6,Sunday,Bangalore,Sedan,Rain,Low,2.68,12.92,1.5,153.96,Completed,UPI,4.5,2024-01-07,2024-01
27,105,2024-01-07 12:00:00,12,Sunday,Hyderabad,Sedan,Clear,Medium,15.43,32.39,1.0,269.07,Completed,UPI,5.0,2024-01-07,2024-01
28,101,2024-01-07 18:00:00,18,Sunday,Bangalore,Mini,Clear,High,13.86,76.23,1.5,511.59,Completed,Cash,4.5,2024-01-07,2024-01
29,127,2024-01-08 00:00:00,0,Monday,Hyderabad,Auto,Rain,Low,16.44,78.82,1.5,558.05,Cancelled,UPI,3.5,2024-01-08,2024-01
30,120,2024-01-08 06:00:00,6,Monday,Bangalore,Sedan,Clear,Low,3.9,10.02,1.0,109.04,Completed,Card,5.0,2024-01-08,2024-01
31,100,2024-01-08 12:00:00,12,Monday,Hyderabad,Mini,Rain,Medium,2.64,10.04,1.5,144.72,Completed,UPI,4.5,2024-01-08,2024-01
32,111,2024-01-08 18:00:00,18,Monday,Bangalore,Sedan,Clear,High,11.15,48.12,1.5,386.61,Completed,UPI,4.5,2024-01-08,2024-01
33,125,2024-01-09 00:00:00,0,Tuesday,Bangalore,Sedan,Clear,Low,8.98,21.88,1.0,183.57,Completed,UPI,5.0,2024-01-09,2024-01
34,121,2024-01-09 06:00:00,6,Tuesday,Chennai,Mini,Clear,Low,10.32,28.83,1.0,210.86,Completed,Card,5.0,2024-01-09,2024-01
35,128,2024-01-09 12:00:00,12,Tuesday,Bangalore,Mini,Clear,Medium,19.85,41.46,1.0,331.42,Completed,Cash,5.0,2024-01-09,2024-01
36,111,2024-01-09 18:00:00,18,Tuesday,Bangalore,Mini,Rain,High,19.47,97.03,2.0,877.52,Completed,Card,4.0,2024-01-09,2024-01
37,124,2024-01-10 00:00:00,0,Wednesday,Hyderabad,Mini,Rain,Low,18.96,89.56,1.5,628.07,Completed,Cash,4.5,2024-01-10,2024-01
38,116,2024-01-10 06:00:00,6,Wednesday,Chennai,Auto,Clear,Low,16.11,41.39,1.0,293.88,Completed,Cash,5.0,2024-01-10,2024-01
39,126,2024-01-10 12:00:00,12,Wednesday,Bangalore,Auto,Rain,Medium,8.39,39.66,1.5,319.84,Completed,Cash,4.5,2024-01-10,2024-01
40,126,2024-01-10 18:00:00,18,Wednesday,Bangalore,Mini,Clear,High,9.42,43.28,1.5,346.15,Completed,UPI,4.5,2024-01-10,2024-01
41,109,2024-01-11 00:00:00,0,Thursday,Bangalore,Mini,Clear,Low,11.89,44.7,1.0,258.31,Completed,UPI,5.0,2024-01-11,2024-01
42,127,2024-01-11 06:00:00,6,Thursday,Chennai,Mini,Clear,Low,16.95,53.39,1.0,326.27,Completed,Cash,5.0,2024-01-11,2024-01
43,127,2024-01-11 12:00:00,12,Thursday,Bangalore,Mini,Clear,Medium,3.24,6.67,1.0,95.74,Completed,Cash,5.0,2024-01-11,2024-01
44,115,2024-01-11 18:00:00,18,Thursday,Bangalore,Auto,Clear,High,9.64,48.45,1.5,364.96,Completed,UPI,4.5,2024-01-11,2024-01
45,114,2024-01-12 00:00:00,0,Friday,Bangalore,Mini,Rain,Low,3.49,9.48,1.5,155.79,Completed,Card,4.5,2024-01-12,2024-01
46,129,2024-01-12 06:00:00,6,Friday,Bangalore,Mini,Clear,Low,11.26,32.67,1.0,227.93,Completed,Cash,5.0,2024-01-12,2024-01
47,129,2024-01-12 12:00:00,12,Friday,Chennai,Mini,Clear,Medium,18.18,70.15,1.0,372.11,Completed,Card,5.0,2024-01-12,2024-01
48,114,2024-01-12 18:00:00,18,Friday,Bangalore,Sedan,Clear,High,16.08,56.21,1.5,484.83,Completed,UPI,4.5,2024-01-12,2024-01
49,129,2024-01-13 00:00:00,0,Saturday,Hyderabad,Mini,Clear,Low,6.1,16.96,1.0,144.91,Completed,Cash,5.0,2024-01-13,2024-01
50,118,2024-01-13 06:00:00,6,Saturday,Bangalore,Sedan,Rain,Low,19.57,88.02,1.5,632.61,Completed,Card,4.5,2024-01-13,2024-01
51,111,2024-01-13 12:00:00,12,Saturday,Bangalore,Mini,Clear,Medium,14.01,52.74,1.0,295.58,Completed,Card,5.0,2024-01-13,2024-01
52,122,2024-01-13 18:00:00,18,Saturday,Bangalore,Sedan,Clear,High,2.19,10.98,1.5,140.78,Completed,Card,4.5,2024-01-13,2024-01
53,119,2024-01-14 00:00:00,0,Sunday,Bangalore,Sedan,Clear,Low,6.6,16.61,1.0,149.22,Completed,UPI,5.0,2024-01-14,2024-01
54,124,2024-01-14 06:00:00,6,Sunday,Hyderabad,Mini,Clear,Low,6.69,22.41,1.0,161.71,Completed,UPI,5.0,2024-01-14,2024-01
55,102,2024-01-14 12:00:00,12,Sunday,Chennai,Mini,Clear,Medium,3.25,8.43,1.0,99.36,Completed,Card,5.0,2024-01-14,2024-01
56,104,2024-01-14 18:00:00,18,Sunday,Chennai,Auto,Clear,High,19.28,99.39,1.5,662.38,Completed,Card,4.5,2024-01-14,2024-01
57,118,2024-01-15 00:00:00,0,Monday,Chennai,Auto,Rain,Low,10.61,53.9,1.5,395.86,Completed,UPI,4.5,2024-01-15,2024-01
58,106,2024-01-15 06:00:00,6,Monday,Bangalore,Mini,Rain,Low,18.12,81.1,1.5,590.09,Completed,Card,4.5,2024-01-15,2024-01
59,120,2024-01-15 12:00:00,12,Monday,Chennai,Mini,Clear,Medium,7.8,29.06,1.0,186.12,Completed,Card,5.0,2024-01-15,2024-01
60,108,2024-01-15 18:00:00,18,Monday,Bangalore,Auto,Clear,High,4.25,12.78,1.5,177.08,Completed,UPI,4.5,2024-01-15,2024-01
61,106,2024-01-16 00:00:00,0,Tuesday,Chennai,Sedan,Clear,Low,10.54,36.21,1.0,227.81,Completed,Card,5.0,2024-01-16,2024-01
62,117,2024-01-16 06:00:00,6,Tuesday,Bangalore,Mini,Clear,Low,4.05,14.82,1.0,120.14,Completed,Card,5.0,2024-01-16,2024-01
63,103,2024-01-16 12:00:00,12,Tuesday,Bangalore,Auto,Clear,Medium,10.75,22.37,1.0,202.24,Completed,Card,5.0,2024-01-16,2024-01
64,124,2024-01-16 18:00:00,18,Tuesday,Bangalore,Mini,Clear,High,18.57,104.27,1.5,666.35,Completed,UPI,4.5,2024-01-16,2024-01
65,127,2024-01-17 00:00:00,0,Wednesday,Bangalore,Sedan,Clear,Low,11.37,28.58,1.0,220.85,Completed,Card,5.0,2024-01-17,2024-01
66,113,2024-01-17 06:00:00,6,Wednesday,Bangalore,Mini,Clear,Low,13.1,43.63,1.0,268.26,Completed,UPI,5.0,2024-01-17,2024-01
67,117,2024-01-17 12:00:00,12,Wednesday,Bangalore,Mini,Clear,Medium,4.82,17.36,1.0,132.91,Completed,UPI,5.0,2024-01-17,2024-01
68,125,2024-01-17 18:00:00,18,Wednesday,Hyderabad,Mini,Clear,High,2.79,13.92,1.5,158.6,Completed,Cash,4.5,2024-01-17,2024-01
69,108,2024-01-18 00:00:00,0,Thursday,Bangalore,Sedan,Clear,Low,3.99,8.72,1.0,107.33,Completed,Cash,5.0,2024-01-18,2024-01
70,125,2024-01-18 06:00:00,6,Thursday,Bangalore,Mini,Clear,Low,12.77,40.77,1.0,259.24,Completed,Card,5.0,2024-01-18,2024-01
71,120,2024-01-18 12:00:00,12,Thursday,Chennai,Mini,Clear,Medium,3.71,11.5,1.0,110.1,Completed,UPI,5.0,2024-01-18,2024-01
72,101,2024-01-18 18:00:00,18,Thursday,Hyderabad,Mini,Rain,High,8.77,65.0,2.0,535.39,Cancelled,Cash,3.0,2024-01-18,2024-01
73,119,2024-01-19 00:00:00,0,Friday,Bangalore,Sedan,Clear,Low,11.9,33.42,1.0,235.84,Completed,Card,5.0,2024-01-19,2024-01
74,127,2024-01-19 06:00:00,6,Friday,Bangalore,Auto,Rain,Low,9.0,30.91,1.5,302.74,Cancelled,Cash,3.5,2024-01-19,2024-01
75,114,2024-01-19 12:00:00,12,Friday,Chennai,Mini,Clear,Medium,4.95,17.32,1.0,134.15,Completed,Cash,5.0,2024-01-19,2024-01
76,127,2024-01-19 18:00:00,18,Friday,Bangalore,Sedan,Rain,High,6.93,38.18,2.0,391.32,Completed,UPI,4.0,2024-01-19,2024-01
77,106,2024-01-20 00:00:00,0,Saturday,Hyderabad,Auto,Clear,Low,18.71,61.6,1.0,360.29,Completed,UPI,5.0,2024-01-20,2024-01
78,111,2024-01-20 06:00:00,6,Saturday,Hyderabad,Sedan,Rain,Low,14.17,60.66,1.5,469.53,Completed,Cash,4.5,2024-01-20,2024-01
79,128,2024-01-20 12:00:00,12,Saturday,Bangalore,Mini,Rain,Medium,10.93,53.65,1.5,399.91,Completed,Cash,4.5,2024-01-20,2024-01
80,107,2024-01-20 18:00:00,18,Saturday,Bangalore,Mini,Clear,High,2.23,10.7,1.5,140.54,Completed,UPI,4.5,2024-01-20,2024-01
81,114,2024-01-21 00:00:00,0,Sunday,Hyderabad,Mini,Clear,Low,19.86,59.67,1.0,367.93,Completed,Card,5.0,2024-01-21,2024-01
82,102,2024-01-21 06:00:00,6,Sunday,Chennai,Mini,Clear,Low,14.09,32.09,1.0,255.09,Completed,UPI,5.0,2024-01-21,2024-01
83,113,2024-01-21 12:00:00,12,Sunday,Chennai,Mini,Clear,Medium,7.7,17.18,1.0,161.36,Completed,Cash,5.0,2024-01-21,2024-01
84,116,2024-01-21 18:00:00,18,Sunday,Chennai,Sedan,Clear,High,17.83,61.74,1.5,527.68,Completed,Card,4.5,2024-01-21,2024-01
85,103,2024-01-22 00:00:00,0,Monday,Chennai,Mini,Clear,Low,6.65,15.59,1.0,147.67,Completed,Cash,5.0,2024-01-22,2024-01
86,117,2024-01-22 06:00:00,6,Monday,Hyderabad,Mini,Clear,Low,11.79,38.62,1.0,245.14,Completed,Card,5.0,2024-01-22,2024-01
87,107,2024-01-22 12:00:00,12,Monday,Hyderabad,Sedan,Clear,Medium,13.45,46.83,1.0,278.16,Completed,Cash,5.0,2024-01-22,2024-01
88,103,2024-01-22 18:00:00,18,Monday,Hyderabad,Mini,Rain,High,5.98,35.68,2.0,362.33,Completed,Card,4.0,2024-01-22,2024-01
89,101,2024-01-23 00:00:00,0,Tuesday,Chennai,Auto,Clear,Low,19.61,71.73,1.0,389.57,Completed,Card,5.0,2024-01-23,2024-01
90,129,2024-01-23 06:00:00,6,Tuesday,Hyderabad,Sedan,Rain,Low,15.47,80.09,1.5,547.33,Completed,Cash,4.5,2024-01-23,2024-01
91,105,2024-01-23 12:00:00,12,Tuesday,Chennai,Mini,Clear,Medium,12.04,43.83,1.0,258.05,Completed,Card,5.0,2024-01-23,2024-01
92,121,2024-01-23 18:00:00,18,Tuesday,Chennai,Sedan,Clear,High,5.25,26.69,1.5,233.83,Completed,UPI,4.5,2024-01-23,2024-01
93,109,2024-01-24 00:00:00,0,Wednesday,Bangalore,Sedan,Clear,Low,2.97,9.1,1.0,97.91,Completed,Cash,5.0,2024-01-24,2024-01
94,103,2024-01-24 06:00:00,6,Wednesday,Hyderabad,Sedan,Clear,Low,7.76,22.49,1.0,172.57,Completed,UPI,5.0,2024-01-24,2024-01
95,121,2024-01-24 12:00:00,12,Wednesday,Hyderabad,Mini,Rain,Medium,15.56,43.87,1.5,440.01,Completed,Cash,4.5,2024-01-24,2024-01
96,128,2024-01-24 18:00:00,18,Wednesday,Chennai,Mini,Clear,High,6.85,28.76,1.5,264.02,Completed,Card,4.5,2024-01-24,2024-01
97,117,2024-01-25 00:00:00,0,Thursday,Hyderabad,Sedan,Rain,Low,11.71,58.16,1.5,425.12,Completed,Card,4.5,2024-01-25,2024-01
98,125,2024-01-25 06:00:00,6,Thursday,Chennai,Mini,Clear,Low,15.1,54.6,1.0,310.2,Completed,Card,5.0,2024-01-25,2024-01
99,111,2024-01-25 12:00:00,12,Thursday,Bangalore,Mini,Clear,Medium,3.94,9.58,1.0,108.56,Completed,Cash,5.0,2024-01-25,2024-01
100,101,2024-01-25 18:00:00,18,Thursday,Bangalore,Mini,Clear,High,14.34,63.09,1.5,479.38,Completed,UPI,4.5,2024-01-25,2024-01
101,109,2024-01-26 00:00:00,0,Friday,Bangalore,Sedan,Clear,Low,3.65,13.26,1.0,113.02,Completed,UPI,5.0,2024-01-26,2024-01
102,129,2024-01-26 06:00:00,6,Friday,Bangalore,Mini,Clear,Low,19.37,41.35,1.0,326.4,Completed,Cash,5.0,2024-01-26,2024-01
103,103,2024-01-26 12:00:00,12,Friday,Bangalore,Auto,Clear,Medium,10.79,29.94,1.0,217.78,Completed,Cash,5.0,2024-01-26,2024-01
104,113,2024-01-26 18:00:00,18,Friday,Chennai,Sedan,Clear,High,4.71,26.17,1.5,224.15,Completed,UPI,4.5,2024-01-26,2024-01
105,115,2024-01-27 00:00:00,0,Saturday,Bangalore,Auto,Clear,Low,8.16,22.91,1.0,177.42,Completed,UPI,5.0,2024-01-27,2024-01
106,114,2024-01-27 06:00:00,6,Saturday,Chennai,Auto,Clear,Low,9.44,20.35,1.0,185.09,Completed,UPI,5.0,2024-01-27,2024-01
107,107,2024-01-27 12:00:00,12,Saturday,Bangalore,Auto,Clear,Medium,15.65,48.28,1.0,303.06,Completed,UPI,5.0,2024-01-27,2024-01
108,113,2024-01-27 18:00:00,18,Saturday,Chennai,Auto,Clear,High,15.38,85.9,1.5,563.4,Completed,Cash,4.5,2024-01-27,2024-01
109,122,2024-01-28 00:00:00,0,Sunday,Bangalore,Mini,Clear,Low,13.01,41.38,1.0,262.86,Completed,Cash,5.0,2024-01-28,2024-01
110,127,2024-01-28 06:00:00,6,Sunday,Bangalore,Sedan,Clear,Low,3.91,9.59,1.0,108.28,Completed,Card,5.0,2024-01-28,2024-01
111,124,2024-01-28 12:00:00,12,Sunday,Bangalore,Mini,Clear,Medium,4.73,13.09,1.0,123.49,Completed,UPI,5.0,2024-01-28,2024-01
112,129,2024-01-28 18:00:00,18,Sunday,Chennai,Mini,Clear,High,3.69,16.05,1.5,178.51,Completed,Card,4.5,2024-01-28,2024-01
113,107,2024-01-29 00:00:00,0,Monday,Bangalore,Sedan,Clear,Low,12.39,39.13,1.0,252.17,Completed,Cash,5.0,2024-01-29,2024-01
114,120,2024-01-29 06:00:00,6,Monday,Hyderabad,Sedan,Clear,Low,17.79,62.6,1.0,353.1,Completed,Cash,5.0,2024-01-29,2024-01
115,115,2024-01-29 12:00:00,12,Monday,Bangalore,Mini,Rain,Medium,9.81,28.03,1.5,306.23,Completed,Card,4.5,2024-01-29,2024-01
116,112,2024-01-29 18:00:00,18,Monday,Bangalore,Sedan,Clear,High,4.9,27.78,1.5,231.83,Completed,UPI,4.5,2024-01-29,2024-01
117,117,2024-01-30 00:00:00,0,Tuesday,Hyderabad,Auto,Clear,Low,12.04,24.38,1.0,219.15,Completed,UPI,5.0,2024-01-30,2024-01
118,114,2024-01-30 06:00:00,6,Tuesday,Chennai,Sedan,Clear,Low,16.61,45.51,1.0,307.13,Completed,UPI,5.0,2024-01-30,2024-01
119,120,2024-01-30 12:00:00,12,Tuesday,Bangalore,Sedan,Clear,Medium,15.35,31.54,1.0,266.58,Completed,UPI,5.0,2024-01-30,2024-01
120,123,2024-01-30 18:00:00,18,Tuesday,Chennai,Auto,Clear,High,17.87,74.68,1.5,567.08,Completed,Card,4.5,2024-01-30,2024-01
121,125,2024-01-31 00:00:00,0,Wednesday,Chennai,Auto,Clear,Low,7.0,21.36,1.0,162.72,Completed,Card,5.0,2024-01-31,2024-01
122,124,2024-01-31 06:00:00,6,Wednesday,Chennai,Sedan,Rain,Low,5.49,21.58,1.5,222.08,Completed,Cash,4.5,2024-01-31,2024-01
123,127,2024-01-31 12:00:00,12,Wednesday,Bangalore,Auto,Clear,Medium,17.84,41.59,1.0,311.58,Completed,UPI,5.0,2024-01-31,2024-01
124,127,2024-01-31 18:00:00,18,Wednesday,Bangalore,Auto,Clear,High,13.84,68.33,1.5,487.59,Completed,UPI,4.5,2024-01-31,2024-01
125,127,2024-02-01 00:00:00,0,Thursday,Chennai,Auto,Clear,Low,7.6,15.88,1.0,157.76,Completed,UPI,5.0,2024-02-01,2024-02
126,112,2024-02-01 06:00:00,6,Thursday,Hyderabad,Mini,Clear,Low,15.36,54.13,1.0,311.85,Completed,Card,5.0,2024-02-01,2024-02
127,108,2024-02-01 12:00:00,12,Thursday,Chennai,Mini,Clear,Medium,16.67,64.9,1.0,346.5,Completed,UPI,5.0,2024-02-01,2024-02
128,128,2024-02-01 18:00:00,18,Thursday,Bangalore,Mini,Clear,High,13.07,52.53,1.5,428.65,Completed,Card,4.5,2024-02-01,2024-02
129,114,2024-02-02 00:00:00,0,Friday,Chennai,Mini,Clear,Low,14.38,43.64,1.0,281.07,Completed,UPI,5.0,2024-02-02,2024-02
130,112,2024-02-02 06:00:00,6,Friday,Chennai,Sedan,Rain,Low,8.75,31.37,1.5,300.36,Completed,UPI,4.5,2024-02-02,2024-02
131,100,2024-02-02 12:00:00,12,Friday,Bangalore,Sedan,Clear,Medium,11.7,23.56,1.0,214.11,Completed,Cash,5.0,2024-02-02,2024-02
132,124,2024-02-02 18:00:00,18,Friday,Bangalore,Auto,Clear,High,11.43,47.52,1.5,389.01,Completed,UPI,4.5,2024-02-02,2024-02
133,106,2024-02-03 00:00:00,0,Saturday,Chennai,Mini,Clear,Low,17.26,61.85,1.0,346.3,Completed,UPI,5.0,2024-02-03,2024-02
134,108,2024-02-03 06:00:00,6,Saturday,Bangalore,Auto,Clear,Low,17.12,54.65,1.0,330.49,Completed,Cash,5.0,2024-02-03,2024-02
135,123,2024-02-03 12:00:00,12,Saturday,Bangalore,Sedan,Clear,Medium,16.99,37.42,1.0,294.74,Completed,Card,5.0,2024-02-03,2024-02
136,100,2024-02-03 18:00:00,18,Saturday,Bangalore,Sedan,Clear,High,2.2,12.19,1.5,144.57,Completed,Card,4.5,2024-02-03,2024-02
137,111,2024-02-04 00:00:00,0,Sunday,Bangalore,Auto,Rain,Low,15.49,61.66,1.5,492.34,Completed,UPI,4.5,2024-02-04,2024-02
138,107,2024-02-04 06:00:00,6,Sunday,Bangalore,Sedan,Rain,Low,15.66,74.99,1.5,534.86,Completed,Card,4.5,2024-02-04,2024-02
139,123,2024-02-04 12:00:00,12,Sunday,Hyderabad,Mini,Clear,Medium,14.21,44.91,1.0,281.92,Completed,UPI,5.0,2024-02-04,2024-02
140,110,2024-02-04 18:00:00,18,Sunday,Hyderabad,Auto,Rain,High,15.61,94.95,2.0,792.01,Cancelled,Cash,3.0,2024-02-04,2024-02
141,118,2024-02-05 00:00:00,0,Monday,Bangalore,Mini,Clear,Low,17.16,37.93,1.0,297.46,Completed,Cash,5.0,2024-02-05,2024-02
142,116,2024-02-05 06:00:00,6,Monday,Hyderabad,Mini,Clear,Low,10.47,24.44,1.0,203.59,Completed,UPI,5.0,2024-02-05,2024-02
143,107,2024-02-05 12:00:00,12,Monday,Chennai,Auto,Clear,Medium,11.04,43.54,1.0,247.48,Completed,Cash,5.0,2024-02-05,2024-02
144,102,2024-02-05 18:00:00,18,Monday,Bangalore,Mini,Rain,High,4.24,20.31,2.0,266.06,Cancelled,Cash,3.0,2024-02-05,2024-02
145,102,2024-02-06 00:00:00,0,Tuesday,Bangalore,Sedan,Clear,Low,8.94,35.36,1.0,210.11,Completed,UPI,5.0,2024-02-06,2024-02
146,100,2024-02-06 06:00:00,6,Tuesday,Bangalore,Mini,Clear,Low,13.58,41.61,1.0,269.01,Completed,UPI,5.0,2024-02-06,2024-02
147,126,2024-02-06 12:00:00,12,Tuesday,Bangalore,Auto,Clear,Medium,16.05,36.46,1.0,283.42,Completed,Cash,5.0,2024-02-06,2024-02
148,104,2024-02-06 18:00:00,18,Tuesday,Chennai,Mini,Clear,High,5.91,19.49,1.5,222.12,Completed,Card,4.5,2024-02-06,2024-02
149,109,2024-02-07 00:00:00,0,Wednesday,Chennai,Auto,Clear,Low,4.48,10.83,1.0,116.46,Completed,Card,5.0,2024-02-07,2024-02
150,106,2024-02-07 06:00:00,6,Wednesday,Bangalore,Sedan,Clear,Low,13.93,53.65,1.0,296.6,Completed,UPI,5.0,2024-02-07,2024-02
151,125,2024-02-07 12:00:00,12,Wednesday,Hyderabad,Mini,Clear,Medium,2.03,5.74,1.0,81.78,Completed,UPI,5.0,2024-02-07,2024-02
152,108,2024-02-07 18:00:00,18,Wednesday,Chennai,Sedan,Clear,High,5.21,21.81,1.5,218.58,Completed,Card,4.5,2024-02-07,2024-02
153,127,2024-02-08 00:00:00,0,Thursday,Bangalore,Auto,Clear,Low,2.52,6.62,1.0,88.44,Completed,Cash,5.0,2024-02-08,2024-02
154,106,2024-02-08 06:00:00,6,Thursday,Hyderabad,Mini,Clear,Low,5.0,11.47,1.0,122.94,Completed,Card,5.0,2024-02-08,2024-02
155,108,2024-02-08 12:00:00,12,Thursday,Hyderabad,Mini,Clear,Medium,5.26,15.65,1.0,133.9,Completed,Card,5.0,2024-02-08,2024-02
156,107,2024-02-08 18:00:00,18,Thursday,Hyderabad,Mini,Clear,High,8.98,30.44,1.5,301.03,Completed,Card,4.5,2024-02-08,2024-02
157,111,2024-02-09 00:00:00,0,Friday,Bangalore,Sedan,Clear,Low,9.24,33.92,1.0,210.24,Completed,Card,5.0,2024-02-09,2024-02
158,101,2024-02-09 06:00:00,6,Friday,Chennai,Sedan,Clear,Low,17.74,48.62,1.0,324.64,Completed,UPI,5.0,2024-02-09,2024-02
159,100,2024-02-09 12:00:00,12,Friday,Chennai,Sedan,Clear,Medium,11.18,30.74,1.0,223.28,Completed,UPI,5.0,2024-02-09,2024-02
160,115,2024-02-09 18:00:00,18,Friday,Chennai,Mini,Rain,High,15.02,86.34,2.0,745.78,Completed,Cash,4.0,2024-02-09,2024-02
161,122,2024-02-10 00:00:00,0,Saturday,Hyderabad,Mini,Clear,Low,3.87,11.18,1.0,111.06,Completed,Cash,5.0,2024-02-10,2024-02
162,122,2024-02-10 06:00:00,6,Saturday,Chennai,Sedan,Clear,Low,6.06,24.18,1.0,158.96,Completed,Cash,5.0,2024-02-10,2024-02
163,129,2024-02-10 12:00:00,12,Saturday,Hyderabad,Mini,Clear,Medium,14.65,45.28,1.0,287.06,Completed,Cash,5.0,2024-02-10,2024-02
164,123,2024-02-10 18:00:00,18,Saturday,Hyderabad,Mini,Clear,High,2.95,9.63,1.5,148.14,Completed,Card,4.5,2024-02-10,2024-02
165,104,2024-02-11 00:00:00,0,Sunday,Hyderabad,Auto,Clear,Low,10.76,34.58,1.0,226.76,Completed,UPI,5.0,2024-02-11,2024-02
166,102,2024-02-11 06:00:00,6,Sunday,Bangalore,Sedan,Clear,Low,12.79,29.46,1.0,236.82,Completed,UPI,5.0,2024-02-11,2024-02
167,111,2024-02-11 12:00:00,12,Sunday,Bangalore,Sedan,Clear,Medium,12.84,26.47,1.0,231.35,Completed,Cash,5.0,2024-02-11,2024-02
168,107,2024-02-11 18:00:00,18,Sunday,Bangalore,Auto,Clear,High,2.41,14.25,1.5,153.9,Completed,Cash,4.5,2024-02-11,2024-02
169,121,2024-02-12 00:00:00,0,Monday,Hyderabad,Sedan,Rain,Low,7.8,35.97,1.5,299.9,Completed,Card,4.5,2024-02-12,2024-02
170,126,2024-02-12 06:00:00,6,Monday,Bangalore,Auto,Rain,Low,13.46,69.3,1.5,484.79,Completed,Card,4.5,2024-02-12,2024-02
171,102,2024-02-12 12:00:00,12,Monday,Chennai,Mini,Clear,Medium,4.68,13.83,1.0,124.47,Completed,Cash,5.0,2024-02-12,2024-02
172,100,2024-02-12 18:00:00,18,Monday,Bangalore,Mini,Clear,High,14.52,66.75,1.5,493.04,Completed,UPI,4.5,2024-02-12,2024-02
173,102,2024-02-13 00:00:00,0,Tuesday,Chennai,Mini,Rain,Low,15.43,46.87,1.5,447.06,Completed,UPI,4.5,2024-02-13,2024-02
174,104,2024-02-13 06:00:00,6,Tuesday,Hyderabad,Mini,Clear,Low,19.68,49.08,1.0,344.96,Completed,UPI,5.0,2024-02-13,2024-02
175,114,2024-02-13 12:00:00,12,Tuesday,Hyderabad,Sedan,Clear,Medium,5.78,21.25,1.0,150.31,Completed,Cash,5.0,2024-02-13,2024-02
176,113,2024-02-13 18:00:00,18,Tuesday,Bangalore,Mini,Rain,High,16.85,89.12,2.0,793.49,Completed,UPI,4.0,2024-02-13,2024-02
177,102,2024-02-14 00:00:00,0,Wednesday,Hyderabad,Mini,Clear,Low,11.37,41.54,1.0,246.78,Completed,Card,5.0,2024-02-14,2024-02
178,100,2024-02-14 06:00:00,6,Wednesday,Chennai,Mini,Clear,Low,8.72,29.81,1.0,196.81,Completed,Card,5.0,2024-02-14,2024-02
179,104,2024-02-14 12:00:00,12,Wednesday,Bangalore,Mini,Rain,Medium,4.2,12.85,1.5,176.56,Cancelled,Cash,3.5,2024-02-14,2024-02
180,125,2024-02-14 18:00:00,18,Wednesday,Chennai,Sedan,Clear,High,15.24,68.92,1.5,510.36,Completed,Card,4.5,2024-02-14,2024-02
181,122,2024-02-15 00:00:00,0,Thursday,Bangalore,Mini,Clear,Low,6.25,20.97,1.0,154.43,Completed,Cash,5.0,2024-02-15,2024-02
182,113,2024-02-15 06:00:00,6,Thursday,Bangalore,Sedan,Clear,Low,8.69,21.46,1.0,179.83,Completed,UPI,5.0,2024-02-15,2024-02
183,106,2024-02-15 12:00:00,12,Thursday,Chennai,Mini,Rain,Medium,3.13,14.9,1.5,166.64,Cancelled,UPI,3.5,2024-02-15,2024-02
184,126,2024-02-15 18:00:00,18,Thursday,Bangalore,Sedan,Rain,High,16.42,98.93,2.0,824.11,Cancelled,UPI,3.0,2024-02-15,2024-02
185,108,2024-02-16 00:00:00,0,Friday,Bangalore,Auto,Rain,Low,15.8,47.87,1.5,455.6,Completed,Card,4.5,2024-02-16,2024-02
186,114,2024-02-16 06:00:00,6,Friday,Bangalore,Mini,Clear,Low,15.21,48.15,1.0,298.41,Completed,Cash,5.0,2024-02-16,2024-02
187,114,2024-02-16 12:00:00,12,Friday,Bangalore,Sedan,Rain,Medium,7.39,38.42,1.5,301.12,Cancelled,UPI,3.5,2024-02-16,2024-02
188,125,2024-02-16 18:00:00,18,Friday,Bangalore,Mini,Rain,High,5.12,22.97,2.0,294.29,Completed,Cash,4.0,2024-02-16,2024-02
189,109,2024-02-17 00:00:00,0,Saturday,Chennai,Mini,Clear,Low,13.48,48.98,1.0,282.76,Completed,UPI,5.0,2024-02-17,2024-02
190,127,2024-02-17 06:00:00,6,Saturday,Chennai,Auto,Rain,Low,10.93,34.31,1.5,341.88,Cancelled,Card,3.5,2024-02-17,2024-02
191,112,2024-02-17 12:00:00,12,Saturday,Chennai,Mini,Rain,Medium,5.21,24.14,1.5,225.58,Cancelled,Card,3.5,2024-02-17,2024-02
192,118,2024-02-17 18:00:00,18,Saturday,Hyderabad,Mini,Clear,High,14.35,74.67,1.5,514.27,Completed,Cash,4.5,2024-02-17,2024-02
193,106,2024-02-18 00:00:00,0,Sunday,Chennai,Sedan,Clear,Low,19.84,51.6,1.0,351.61,Completed,Card,5.0,2024-02-18,2024-02
194,116,2024-02-18 06:00:00,6,Sunday,Chennai,Mini,Clear,Low,15.45,40.97,1.0,286.44,Completed,Card,5.0,2024-02-18,2024-02
195,119,2024-02-18 12:00:00,12,Sunday,Bangalore,Auto,Clear,Medium,15.32,54.92,1.0,313.05,Completed,Cash,5.0,2024-02-18,2024-02
196,128,2024-02-18 18:00:00,18,Sunday,Bangalore,Mini,Clear,High,19.11,83.78,1.5,613.0,Completed,UPI,4.5,2024-02-18,2024-02
197,103,2024-02-19 00:00:00,0,Monday,Bangalore,Auto,Clear,Low,5.65,19.56,1.0,145.62,Completed,Card,5.0,2024-02-19,2024-02
198,129,2024-02-19 06:00:00,6,Monday,Bangalore,Sedan,Rain,Low,12.18,36.35,1.5,366.76,Completed,Cash,4.5,2024-02-19,2024-02
199,104,2024-02-19 12:00:00,12,Monday,Chennai,Sedan,Rain,Medium,19.63,94.55,1.5,653.1,Completed,Card,4.5,2024-02-19,2024-02
200,122,2024-02-19 18:00:00,18,Monday,Bangalore,Auto,Rain,High,4.98,33.23,2.0,332.52,Completed,Card,4.0,2024-02-19,2024-02
201,106,2024-02-20 00:00:00,0,Tuesday,Hyderabad,Mini,Clear,Low,14.6,55.68,1.0,307.37,Completed,Card,5.0,2024-02-20,2024-02
202,112,2024-02-20 06:00:00,6,Tuesday,Hyderabad,Auto,Clear,Low,12.54,28.4,1.0,232.2,Completed,Card,5.0,2024-02-20,2024-02
203,114,2024-02-20 12:00:00,12,Tuesday,Chennai,Mini,Clear,Medium,12.56,40.02,1.0,255.63,Completed,Cash,5.0,2024-02-20,2024-02
204,110,2024-02-20 18:00:00,18,Tuesday,Bangalore,Mini,Clear,High,14.56,69.85,1.5,502.95,Completed,Cash,4.5,2024-02-20,2024-02
205,128,2024-02-21 00:00:00,0,Wednesday,Bangalore,Mini,Rain,Low,18.73,65.91,1.5,553.68,Completed,Cash,4.5,2024-02-21,2024-02
206,103,2024-02-21 06:00:00,6,Wednesday,Hyderabad,Sedan,Rain,Low,16.09,61.01,1.5,499.39,Cancelled,Card,3.5,2024-02-21,2024-02
207,112,2024-02-21 12:00:00,12,Wednesday,Hyderabad,Mini,Clear,Medium,3.01,6.25,1.0,92.6,Completed,Card,5.0,2024-02-21,2024-02
208,106,2024-02-21 18:00:00,18,Wednesday,Bangalore,Auto,Rain,High,17.35,118.13,2.0,919.53,Cancelled,Card,3.0,2024-02-21,2024-02
209,126,2024-02-22 00:00:00,0,Thursday,Chennai,Auto,Rain,Low,6.06,24.41,1.5,239.13,Completed,Cash,4.5,2024-02-22,2024-02
210,118,2024-02-22 06:00:00,6,Thursday,Bangalore,Auto,Clear,Low,8.78,18.57,1.0,174.95,Completed,Card,5.0,2024-02-22,2024-02
211,121,2024-02-22 12:00:00,12,Thursday,Bangalore,Mini,Rain,Medium,10.31,45.05,1.5,364.81,Completed,UPI,4.5,2024-02-22,2024-02
212,127,2024-02-22 18:00:00,18,Thursday,Bangalore,Sedan,Clear,High,10.66,46.91,1.5,375.62,Completed,Card,4.5,2024-02-22,2024-02
213,101,2024-02-23 00:00:00,0,Friday,Bangalore,Mini,Clear,Low,9.83,20.34,1.0,188.98,Completed,UPI,5.0,2024-02-23,2024-02
214,109,2024-02-23 06:00:00,6,Friday,Hyderabad,Mini,Clear,Low,18.87,74.33,1.0,387.37,Completed,Card,5.0,2024-02-23,2024-02
215,112,2024-02-23 12:00:00,12,Friday,Chennai,Mini,Clear,Medium,14.71,57.34,1.0,311.79,Completed,Cash,5.0,2024-02-23,2024-02
216,129,2024-02-23 18:00:00,18,Friday,Bangalore,Mini,Clear,High,13.36,60.64,1.5,457.31,Completed,Card,4.5,2024-02-23,2024-02
217,124,2024-02-24 00:00:00,0,Saturday,Chennai,Sedan,Clear,Low,2.9,6.34,1.0,91.69,Completed,UPI,5.0,2024-02-24,2024-02
218,120,2024-02-24 06:00:00,6,Saturday,Hyderabad,Sedan,Clear,Low,18.27,64.11,1.0,360.93,Completed,UPI,5.0,2024-02-24,2024-02
219,105,2024-02-24 12:00:00,12,Saturday,Hyderabad,Mini,Clear,Medium,18.37,54.81,1.0,343.33,Completed,Card,5.0,2024-02-24,2024-02
220,127,2024-02-24 18:00:00,18,Saturday,Bangalore,Mini,Clear,High,16.04,62.67,1.5,503.62,Completed,UPI,4.5,2024-02-24,2024-02
221,127,2024-02-25 00:00:00,0,Sunday,Bangalore,Mini,Clear,Low,2.13,6.35,1.0,84.01,Completed,UPI,5.0,2024-02-25,2024-02
222,111,2024-02-25 06:00:00,6,Sunday,Bangalore,Mini,Clear,Low,3.03,9.23,1.0,98.75,Completed,Cash,5.0,2024-02-25,2024-02
223,111,2024-02-25 12:00:00,12,Sunday,Bangalore,Auto,Clear,Medium,6.05,18.91,1.0,148.32,Completed,Card,5.0,2024-02-25,2024-02
224,119,2024-02-25 18:00:00,18,Sunday,Bangalore,Mini,Clear,High,4.36,18.85,1.5,196.95,Completed,Card,4.5,2024-02-25,2024-02
225,129,2024-02-26 00:00:00,0,Monday,Chennai,Mini,Clear,Low,9.18,29.48,1.0,200.76,Completed,Card,5.0,2024-02-26,2024-02
226,129,2024-02-26 06:00:00,6,Monday,Bangalore,Mini,Clear,Low,18.61,71.42,1.0,378.93,Completed,UPI,5.0,2024-02-26,2024-02
227,110,2024-02-26 12:00:00,12,Monday,Bangalore,Auto,Clear,Medium,10.5,28.61,1.0,212.22,Completed,Card,5.0,2024-02-26,2024-02
228,125,2024-02-26 18:00:00,18,Monday,Bangalore,Auto,Rain,High,2.24,15.08,2.0,205.1,Completed,Card,4.0,2024-02-26,2024-02
229,122,2024-02-27 00:00:00,0,Tuesday,Bangalore,Sedan,Clear,Low,7.09,26.86,1.0,174.63,Completed,Cash,5.0,2024-02-27,2024-02
230,127,2024-02-27 06:00:00,6,Tuesday,Bangalore,Sedan,Clear,Low,2.8,8.15,1.0,94.31,Completed,Cash,5.0,2024-02-27,2024-02
231,124,2024-02-27 12:00:00,12,Tuesday,Bangalore,Sedan,Rain,Medium,2.65,9.95,1.5,144.59,Completed,Cash,4.5,2024-02-27,2024-02
232,106,2024-02-27 18:00:00,18,Tuesday,Bangalore,Mini,Rain,High,6.96,43.49,2.0,413.15,Completed,UPI,4.0,2024-02-27,2024-02
233,129,2024-02-28 00:00:00,0,Wednesday,Bangalore,Auto,Rain,Low,6.96,28.8,1.5,265.79,Cancelled,Card,3.5,2024-02-28,2024-02
234,100,2024-02-28 06:00:00,6,Wednesday,Bangalore,Sedan,Rain,Low,16.17,75.95,1.5,545.41,Completed,Cash,4.5,2024-02-28,2024-02
235,100,2024-02-28 12:00:00,12,Wednesday,Chennai,Sedan,Clear,Medium,19.55,57.73,1.0,360.96,Completed,Cash,5.0,2024-02-28,2024-02
236,124,2024-02-28 18:00:00,18,Wednesday,Bangalore,Sedan,Clear,High,8.68,51.98,1.5,361.14,Completed,Cash,4.5,2024-02-28,2024-02
237,126,2024-02-29 00:00:00,0,Thursday,Bangalore,Sedan,Clear,Low,9.72,20.6,1.0,188.39,Completed,Card,5.0,2024-02-29,2024-02
238,129,2024-02-29 06:00:00,6,Thursday,Bangalore,Sedan,Clear,Low,17.21,34.53,1.0,291.16,Completed,Card,5.0,2024-02-29,2024-02
239,124,2024-02-29 12:00:00,12,Thursday,Hyderabad,Auto,Clear,Medium,6.83,22.41,1.0,163.11,Completed,Card,5.0,2024-02-29,2024-02
240,119,2024-02-29 18:00:00,18,Thursday,Bangalore,Auto,Clear,High,4.81,18.74,1.5,203.36,Completed,UPI,4.5,2024-02-29,2024-02
241,112,2024-03-01 00:00:00,0,Friday,Chennai,Sedan,Clear,Low,17.36,43.07,1.0,309.73,Completed,UPI,5.0,2024-03-01,2024-03
242,108,2024-03-01 06:00:00,6,Friday,Hyderabad,Sedan,Rain,Low,2.84,9.69,1.5,146.66,Cancelled,Cash,3.5,2024-03-01,2024-03
243,102,2024-03-01 12:00:00,12,Friday,Bangalore,Mini,Rain,Medium,13.15,42.94,1.5,401.08,Completed,Card,4.5,2024-03-01,2024-03
244,106,2024-03-01 18:00:00,18,Friday,Hyderabad,Sedan,Clear,High,12.12,37.48,1.5,369.24,Completed,Cash,4.5,2024-03-01,2024-03
245,105,2024-03-02 00:00:00,0,Saturday,Chennai,Mini,Rain,Low,8.23,42.19,1.5,325.01,Completed,Card,4.5,2024-03-02,2024-03
246,107,2024-03-02 06:00:00,6,Saturday,Bangalore,Sedan,Clear,Low,7.67,18.73,1.0,164.15,Completed,Card,5.0,2024-03-02,2024-03
247,126,2024-03-02 12:00:00,12,Saturday,Bangalore,Auto,Rain,Medium,15.89,71.64,1.5,528.27,Completed,Card,4.5,2024-03-02,2024-03
248,108,2024-03-02 18:00:00,18,Saturday,Chennai,Sedan,Clear,High,3.56,18.82,1.5,184.87,Completed,UPI,4.5,2024-03-02,2024-03
249,129,2024-03-03 00:00:00,0,Sunday,Bangalore,Mini,Rain,Low,6.26,31.4,1.5,263.1,Completed,UPI,4.5,2024-03-03,2024-03
250,104,2024-03-03 06:00:00,6,Sunday,Hyderabad,Mini,Clear,Low,15.18,31.29,1.0,264.37,Completed,Card,5.0,2024-03-03,2024-03
251,100,2024-03-03 12:00:00,12,Sunday,Bangalore,Mini,Clear,Medium,11.87,44.44,1.0,257.58,Completed,Cash,5.0,2024-03-03,2024-03
252,118,2024-03-03 18:00:00,18,Sunday,Chennai,Sedan,Clear,High,4.3,19.7,1.5,198.6,Completed,Card,4.5,2024-03-03,2024-03
253,109,2024-03-04 00:00:00,0,Monday,Bangalore,Mini,Clear,Low,17.88,58.38,1.0,345.56,Completed,Card,5.0,2024-03-04,2024-03
254,111,2024-03-04 06:00:00,6,Monday,Hyderabad,Mini,Clear,Low,9.08,29.86,1.0,200.53,Completed,Cash,5.0,2024-03-04,2024-03
255,123,2024-03-04 12:00:00,12,Monday,Chennai,Mini,Clear,Medium,16.9,61.51,1.0,342.02,Completed,Card,5.0,2024-03-04,2024-03
256,114,2024-03-04 18:00:00,18,Monday,Bangalore,Sedan,Clear,High,16.18,64.72,1.5,511.87,Completed,Cash,4.5,2024-03-04,2024-03
257,126,2024-03-05 00:00:00,0,Tuesday,Bangalore,Sedan,Clear,Low,13.24,45.89,1.0,274.18,Completed,UPI,5.0,2024-03-05,2024-03
258,121,2024-03-05 06:00:00,6,Tuesday,Bangalore,Mini,Clear,Low,10.9,33.32,1.0,225.65,Completed,UPI,5.0,2024-03-05,2024-03
259,123,2024-03-05 12:00:00,12,Tuesday,Bangalore,Mini,Rain,Medium,19.63,91.53,1.5,644.04,Completed,Cash,4.5,2024-03-05,2024-03
260,108,2024-03-05 18:00:00,18,Tuesday,Bangalore,Sedan,Clear,High,4.61,27.53,1.5,226.74,Completed,UPI,4.5,2024-03-05,2024-03
261,119,2024-03-06 00:00:00,0,Wednesday,Chennai,Sedan,Clear,Low,15.05,36.14,1.0,272.78,Completed,UPI,5.0,2024-03-06,2024-03
262,116,2024-03-06 06:00:00,6,Wednesday,Chennai,Sedan,Clear,Low,5.44,21.7,1.0,147.8,Completed,Cash,5.0,2024-03-06,2024-03
263,129,2024-03-06 12:00:00,12,Wednesday,Chennai,Mini,Rain,Medium,8.09,22.92,1.5,265.12,Completed,UPI,4.5,2024-03-06,2024-03
264,116,2024-03-06 18:00:00,18,Wednesday,Hyderabad,Sedan,Clear,High,7.56,22.73,1.5,256.6,Completed,Card,4.5,2024-03-06,2024-03
265,125,2024-03-07 00:00:00,0,Thursday,Chennai,Mini,Rain,Low,19.05,51.72,1.5,515.9,Completed,Card,4.5,2024-03-07,2024-03
266,119,2024-03-07 06:00:00,6,Thursday,Chennai,Auto,Rain,Low,19.41,67.71,1.5,569.29,Completed,Cash,4.5,2024-03-07,2024-03
267,111,2024-03-07 12:00:00,12,Thursday,Chennai,Sedan,Clear,Medium,5.29,17.28,1.0,137.45,Completed,UPI,5.0,2024-03-07,2024-03
268,129,2024-03-07 18:00:00,18,Thursday,Bangalore,Mini,Clear,High,2.4,7.7,1.5,134.09,Completed,Card,4.5,2024-03-07,2024-03
269,106,2024-03-08 00:00:00,0,Friday,Bangalore,Mini,Rain,Low,14.96,39.12,1.5,416.75,Cancelled,Card,3.5,2024-03-08,2024-03
270,101,2024-03-08 06:00:00,6,Friday,Bangalore,Sedan,Rain,Low,9.52,47.95,1.5,361.64,Completed,UPI,4.5,2024-03-08,2024-03
271,102,2024-03-08 12:00:00,12,Friday,Bangalore,Auto,Clear,Medium,3.6,13.12,1.0,112.24,Completed,UPI,5.0,2024-03-08,2024-03
272,116,2024-03-08 18:00:00,18,Friday,Bangalore,Sedan,Clear,High,14.31,77.67,1.5,522.65,Completed,Card,4.5,2024-03-08,2024-03
273,104,2024-03-09 00:00:00,0,Saturday,Bangalore,Sedan,Rain,Low,11.81,57.86,1.5,425.74,Completed,Card,4.5,2024-03-09,2024-03
274,116,2024-03-09 06:00:00,6,Saturday,Hyderabad,Sedan,Clear,Low,19.65,66.81,1.0,380.12,Completed,Cash,5.0,2024-03-09,2024-03
275,123,2024-03-09 12:00:00,12,Saturday,Chennai,Sedan,Rain,Medium,6.09,17.49,1.5,218.81,Completed,Cash,4.5,2024-03-09,2024-03
276,116,2024-03-09 18:00:00,18,Saturday,Bangalore,Mini,Clear,High,9.27,38.91,1.5,330.78,Completed,Card,4.5,2024-03-09,2024-03
277,126,2024-03-10 00:00:00,0,Sunday,Bangalore,Auto,Clear,Low,11.77,40.56,1.0,248.83,Completed,Cash,5.0,2024-03-10,2024-03
278,116,2024-03-10 06:00:00,6,Sunday,Bangalore,Mini,Rain,Low,16.25,54.09,1.5,481.03,Completed,Card,4.5,2024-03-10,2024-03
279,101,2024-03-10 12:00:00,12,Sunday,Bangalore,Mini,Clear,Medium,11.88,40.09,1.0,248.99,Completed,Card,5.0,2024-03-10,2024-03
280,101,2024-03-10 18:00:00,18,Sunday,Bangalore,Auto,Clear,High,13.03,40.05,1.5,390.59,Completed,Cash,4.5,2024-03-10,2024-03
281,127,2024-03-11 00:00:00,0,Monday,Hyderabad,Mini,Clear,Low,6.07,15.86,1.0,142.41,Completed,Cash,5.0,2024-03-11,2024-03
282,121,2024-03-11 06:00:00,6,Monday,Bangalore,Mini,Clear,Low,17.24,53.41,1.0,329.23,Completed,UPI,5.0,2024-03-11,2024-03
283,122,2024-03-11 12:00:00,12,Monday,Hyderabad,Mini,Clear,Medium,9.72,31.73,1.0,210.66,Completed,UPI,5.0,2024-03-11,2024-03
284,104,2024-03-11 18:00:00,18,Monday,Hyderabad,Auto,Clear,High,4.54,21.48,1.5,207.54,Completed,UPI,4.5,2024-03-11,2024-03
285,100,2024-03-12 00:00:00,0,Tuesday,Bangalore,Mini,Clear,Low,13.96,47.4,1.0,284.4,Completed,Card,5.0,2024-03-12,2024-03
286,100,2024-03-12 06:00:00,6,Tuesday,Chennai,Mini,Rain,Low,5.89,15.41,1.5,209.57,Completed,Cash,4.5,2024-03-12,2024-03
287,118,2024-03-12 12:00:00,12,Tuesday,Chennai,Mini,Clear,Medium,3.76,8.28,1.0,104.16,Completed,Card,5.0,2024-03-12,2024-03
288,129,2024-03-12 18:00:00,18,Tuesday,Bangalore,Mini,Clear,High,17.52,98.23,1.5,632.5,Completed,Cash,4.5,2024-03-12,2024-03
289,101,2024-03-13 00:00:00,0,Wednesday,Bangalore,Mini,Clear,Low,10.28,34.58,1.0,221.95,Completed,Card,5.0,2024-03-13,2024-03
290,120,2024-03-13 06:00:00,6,Wednesday,Chennai,Mini,Rain,Low,15.49,44.82,1.5,441.82,Completed,UPI,4.5,2024-03-13,2024-03
291,111,2024-03-13 12:00:00,12,Wednesday,Chennai,Sedan,Rain,Medium,7.23,34.63,1.5,287.33,Cancelled,UPI,3.5,2024-03-13,2024-03
292,125,2024-03-13 18:00:00,18,Wednesday,Hyderabad,Mini,Clear,High,16.17,60.26,1.5,498.33,Completed,UPI,4.5,2024-03-13,2024-03
293,105,2024-03-14 00:00:00,0,Thursday,Hyderabad,Mini,Clear,Low,4.01,11.86,1.0,113.81,Completed,Card,5.0,2024-03-14,2024-03
294,122,2024-03-14 06:00:00,6,Thursday,Chennai,Mini,Clear,Low,8.41,19.26,1.0,172.62,Completed,Cash,5.0,2024-03-14,2024-03
295,103,2024-03-14 12:00:00,12,Thursday,Hyderabad,Mini,Rain,Medium,19.61,87.19,1.5,630.73,Cancelled,Cash,3.5,2024-03-14,2024-03
296,122,2024-03-14 18:00:00,18,Thursday,Chennai,Sedan,Rain,High,16.29,105.9,2.0,849.39,Completed,UPI,4.0,2024-03-14,2024-03
297,110,2024-03-15 00:00:00,0,Friday,Chennai,Sedan,Clear,Low,10.95,26.52,1.0,212.55,Completed,UPI,5.0,2024-03-15,2024-03
298,123,2024-03-15 06:00:00,6,Friday,Chennai,Mini,Rain,Low,8.12,39.34,1.5,314.82,Completed,UPI,4.5,2024-03-15,2024-03
299,126,2024-03-15 12:00:00,12,Friday,Bangalore,Mini,Rain,Medium,17.7,64.49,1.5,533.96,Completed,UPI,4.5,2024-03-15,2024-03
300,116,2024-03-15 18:00:00,18,Friday,Chennai,Mini,Clear,High,11.81,45.79,1.5,389.53,Completed,Cash,4.5,2024-03-15,2024-03
301,105,2024-03-16 00:00:00,0,Saturday,Chennai,Auto,Clear,Low,15.65,36.07,1.0,278.64,Completed,Card,5.0,2024-03-16,2024-03
302,123,2024-03-16 06:00:00,6,Saturday,Bangalore,Sedan,Clear,Low,15.57,39.43,1.0,284.56,Completed,Card,5.0,2024-03-16,2024-03
303,104,2024-03-16 12:00:00,12,Saturday,Hyderabad,Sedan,Clear,Medium,2.32,4.74,1.0,82.68,Completed,Card,5.0,2024-03-16,2024-03
304,119,2024-03-16 18:00:00,18,Saturday,Bangalore,Mini,Rain,High,4.27,26.37,2.0,290.86,Completed,Card,4.0,2024-03-16,2024-03
305,101,2024-03-17 00:00:00,0,Sunday,Chennai,Auto,Clear,Low,13.87,51.1,1.0,290.91,Completed,UPI,5.0,2024-03-17,2024-03
306,105,2024-03-17 06:00:00,6,Sunday,Chennai,Mini,Clear,Low,4.91,15.21,1.0,129.52,Completed,UPI,5.0,2024-03-17,2024-03
307,121,2024-03-17 12:00:00,12,Sunday,Chennai,Mini,Clear,Medium,6.6,16.09,1.0,148.19,Completed,UPI,5.0,2024-03-17,2024-03
308,110,2024-03-17 18:00:00,18,Sunday,Bangalore,Mini,Clear,High,19.04,59.04,1.5,537.73,Completed,Card,4.5,2024-03-17,2024-03
309,115,2024-03-18 00:00:00,0,Monday,Hyderabad,Mini,Clear,Low,12.08,29.35,1.0,229.49,Completed,UPI,5.0,2024-03-18,2024-03
310,115,2024-03-18 06:00:00,6,Monday,Chennai,Auto,Clear,Low,15.51,43.93,1.0,292.96,Completed,UPI,5.0,2024-03-18,2024-03
311,100,2024-03-18 12:00:00,12,Monday,Bangalore,Sedan,Clear,Medium,12.04,42.37,1.0,255.14,Completed,Cash,5.0,2024-03-18,2024-03
312,108,2024-03-18 18:00:00,18,Monday,Bangalore,Mini,Clear,High,11.95,42.58,1.5,382.0,Completed,Cash,4.5,2024-03-18,2024-03
313,127,2024-03-19 00:00:00,0,Tuesday,Chennai,Sedan,Clear,Low,3.69,12.69,1.0,112.28,Completed,UPI,5.0,2024-03-19,2024-03
314,126,2024-03-19 06:00:00,6,Tuesday,Bangalore,Auto,Clear,Low,8.19,30.58,1.0,193.06,Completed,Cash,5.0,2024-03-19,2024-03
315,105,2024-03-19 12:00:00,12,Tuesday,Bangalore,Auto,Clear,Medium,7.08,20.59,1.0,161.98,Completed,Cash,5.0,2024-03-19,2024-03
316,115,2024-03-19 18:00:00,18,Tuesday,Chennai,Sedan,Clear,High,9.03,49.34,1.5,358.48,Completed,UPI,4.5,2024-03-19,2024-03
317,128,2024-03-20 00:00:00,0,Wednesday,Bangalore,Auto,Clear,Low,16.37,50.9,1.0,315.5,Completed,UPI,5.0,2024-03-20,2024-03
318,102,2024-03-20 06:00:00,6,Wednesday,Chennai,Auto,Clear,Low,8.69,28.45,1.0,193.81,Completed,UPI,5.0,2024-03-20,2024-03
319,119,2024-03-20 12:00:00,12,Wednesday,Bangalore,Sedan,Clear,Medium,10.13,30.92,1.0,213.14,Completed,UPI,5.0,2024-03-20,2024-03
320,127,2024-03-20 18:00:00,18,Wednesday,Chennai,Mini,Clear,High,9.15,40.16,1.5,332.74,Completed,Card,4.5,2024-03-20,2024-03
321,126,2024-03-21 00:00:00,0,Thursday,Bangalore,Mini,Rain,Low,3.68,11.81,1.5,165.64,Completed,Card,4.5,2024-03-21,2024-03
322,103,2024-03-21 06:00:00,6,Thursday,Chennai,Auto,Clear,Low,9.94,25.91,1.0,201.21,Completed,UPI,5.0,2024-03-21,2024-03
323,118,2024-03-21 12:00:00,12,Thursday,Bangalore,Mini,Clear,Medium,5.52,14.24,1.0,133.68,Completed,Cash,5.0,2024-03-21,2024-03
324,125,2024-03-21 18:00:00,18,Thursday,Chennai,Auto,Rain,High,5.36,32.68,2.0,337.92,Completed,UPI,4.0,2024-03-21,2024-03
325,102,2024-03-22 00:00:00,0,Friday,Bangalore,Mini,Clear,Low,3.69,8.27,1.0,103.43,Completed,UPI,5.0,2024-03-22,2024-03
326,118,2024-03-22 06:00:00,6,Friday,Hyderabad,Mini,Clear,Low,8.42,32.28,1.0,198.76,Completed,Cash,5.0,2024-03-22,2024-03
327,119,2024-03-22 12:00:00,12,Friday,Chennai,Mini,Rain,Medium,15.63,69.92,1.5,519.22,Completed,Card,4.5,2024-03-22,2024-03
328,106,2024-03-22 18:00:00,18,Friday,Hyderabad,Mini,Rain,High,6.98,38.15,2.0,392.2,Completed,UPI,4.0,2024-03-22,2024-03
329,119,2024-03-23 00:00:00,0,Saturday,Chennai,Auto,Clear,Low,7.62,17.66,1.0,161.51,Completed,UPI,5.0,2024-03-23,2024-03
330,108,2024-03-23 06:00:00,6,Saturday,Bangalore,Auto,Clear,Low,13.57,51.08,1.0,287.85,Completed,Card,5.0,2024-03-23,2024-03
331,100,2024-03-23 12:00:00,12,Saturday,Hyderabad,Auto,Clear,Medium,5.53,20.17,1.0,145.64,Completed,Card,5.0,2024-03-23,2024-03
332,107,2024-03-23 18:00:00,18,Saturday,Bangalore,Sedan,Clear,High,18.15,93.75,1.5,628.49,Completed,Cash,4.5,2024-03-23,2024-03
333,106,2024-03-24 00:00:00,0,Sunday,Bangalore,Mini,Clear,Low,11.36,28.89,1.0,221.38,Completed,Card,5.0,2024-03-24,2024-03
334,117,2024-03-24 06:00:00,6,Sunday,Bangalore,Sedan,Clear,Low,10.06,28.22,1.0,207.03,Completed,Card,5.0,2024-03-24,2024-03
335,107,2024-03-24 12:00:00,12,Sunday,Chennai,Sedan,Clear,Medium,12.04,26.55,1.0,223.51,Completed,Card,5.0,2024-03-24,2024-03
336,100,2024-03-24 18:00:00,18,Sunday,Chennai,Sedan,Clear,High,4.99,17.8,1.5,203.25,Completed,Cash,4.5,2024-03-24,2024-03
337,110,2024-03-25 00:00:00,0,Monday,Bangalore,Mini,Rain,Low,13.04,60.45,1.5,451.95,Completed,Card,4.5,2024-03-25,2024-03
338,127,2024-03-25 06:00:00,6,Monday,Hyderabad,Sedan,Clear,Low,8.54,29.29,1.0,193.99,Completed,Card,5.0,2024-03-25,2024-03
339,124,2024-03-25 12:00:00,12,Monday,Bangalore,Mini,Clear,Medium,18.15,57.84,1.0,347.19,Completed,Cash,5.0,2024-03-25,2024-03
340,124,2024-03-25 18:00:00,18,Monday,Bangalore,Auto,Clear,High,5.04,28.66,1.5,236.59,Completed,Card,4.5,2024-03-25,2024-03
341,117,2024-03-26 00:00:00,0,Tuesday,Bangalore,Auto,Clear,Low,11.13,35.24,1.0,231.79,Completed,Card,5.0,2024-03-26,2024-03
342,122,2024-03-26 06:00:00,6,Tuesday,Bangalore,Mini,Clear,Low,12.77,37.47,1.0,252.63,Completed,Cash,5.0,2024-03-26,2024-03
343,129,2024-03-26 12:00:00,12,Tuesday,Bangalore,Sedan,Clear,Medium,2.6,6.97,1.0,89.94,Completed,UPI,5.0,2024-03-26,2024-03
344,109,2024-03-26 18:00:00,18,Tuesday,Chennai,Sedan,Clear,High,8.55,49.77,1.5,352.57,Completed,Cash,4.5,2024-03-26,2024-03
345,102,2024-03-27 00:00:00,0,Wednesday,Chennai,Mini,Clear,Low,15.19,32.89,1.0,267.69,Completed,Card,5.0,2024-03-27,2024-03
346,106,2024-03-27 06:00:00,6,Wednesday,Bangalore,Auto,Clear,Low,16.77,64.76,1.0,347.22,Completed,Card,5.0,2024-03-27,2024-03
347,127,2024-03-27 12:00:00,12,Wednesday,Bangalore,Auto,Clear,Medium,7.64,27.91,1.0,182.22,Completed,Card,5.0,2024-03-27,2024-03
348,115,2024-03-27 18:00:00,18,Wednesday,Bangalore,Mini,Clear,High,16.37,55.49,1.5,487.02,Completed,Cash,4.5,2024-03-27,2024-03
349,125,2024-03-28 00:00:00,0,Thursday,Hyderabad,Mini,Clear,Low,19.42,60.78,1.0,365.77,Completed,Card,5.0,2024-03-28,2024-03
350,115,2024-03-28 06:00:00,6,Thursday,Bangalore,Mini,Rain,Low,17.42,84.54,1.5,589.92,Completed,Card,4.5,2024-03-28,2024-03
351,124,2024-03-28 12:00:00,12,Thursday,Chennai,Mini,Clear,Medium,4.12,12.95,1.0,117.1,Completed,Cash,5.0,2024-03-28,2024-03
352,119,2024-03-28 18:00:00,18,Thursday,Hyderabad,Mini,Clear,High,15.32,87.65,1.5,567.76,Completed,UPI,4.5,2024-03-28,2024-03
353,127,2024-03-29 00:00:00,0,Friday,Chennai,Auto,Clear,Low,7.75,30.12,1.0,187.73,Completed,UPI,5.0,2024-03-29,2024-03
354,116,2024-03-29 06:00:00,6,Friday,Hyderabad,Mini,Clear,Low,19.79,56.3,1.0,360.5,Completed,Card,5.0,2024-03-29,2024-03
355,101,2024-03-29 12:00:00,12,Friday,Bangalore,Mini,Rain,Medium,10.74,38.46,1.5,351.48,Completed,Cash,4.5,2024-03-29,2024-03
356,100,2024-03-29 18:00:00,18,Friday,Chennai,Auto,Clear,High,4.2,24.4,1.5,211.19,Completed,Card,4.5,2024-03-29,2024-03
357,115,2024-03-30 00:00:00,0,Saturday,Chennai,Sedan,Rain,Low,15.05,65.55,1.5,497.39,Completed,Cash,4.5,2024-03-30,2024-03
358,129,2024-03-30 06:00:00,6,Saturday,Chennai,Mini,Clear,Low,7.81,17.43,1.0,162.96,Completed,Cash,5.0,2024-03-30,2024-03
359,111,2024-03-30 12:00:00,12,Saturday,Bangalore,Mini,Clear,Medium,19.95,41.59,1.0,332.67,Completed,UPI,5.0,2024-03-30,2024-03
360,104,2024-03-30 18:00:00,18,Saturday,Bangalore,Mini,Clear,High,19.64,92.19,1.5,646.16,Completed,UPI,4.5,2024-03-30,2024-03
361,104,2024-03-31 00:00:00,0,Sunday,Bangalore,Sedan,Rain,Low,13.81,69.3,1.5,490.06,Completed,Cash,4.5,2024-03-31,2024-03
362,126,2024-03-31 06:00:00,6,Sunday,Chennai,Mini,Clear,Low,4.34,16.01,1.0,125.42,Completed,Card,5.0,2024-03-31,2024-03
363,122,2024-03-31 12:00:00,12,Sunday,Hyderabad,Sedan,Clear,Medium,14.36,48.13,1.0,289.86,Completed,UPI,5.0,2024-03-31,2024-03
364,108,2024-03-31 18:00:00,18,Sunday,Chennai,Auto,Rain,High,3.67,16.3,2.0,238.62,Completed,Card,4.0,2024-03-31,2024-03
365,108,2024-04-01 00:00:00,0,Monday,Bangalore,Mini,Clear,Low,2.53,6.35,1.0,87.99,Completed,UPI,5.0,2024-04-01,2024-04
366,102,2024-04-01 06:00:00,6,Monday,Hyderabad,Auto,Clear,Low,16.81,63.05,1.0,344.21,Completed,UPI,5.0,2024-04-01,2024-04
367,118,2024-04-01 12:00:00,12,Monday,Bangalore,Auto,Clear,Medium,5.78,13.67,1.0,135.15,Completed,Card,5.0,2024-04-01,2024-04
368,115,2024-04-01 18:00:00,18,Monday,Bangalore,Mini,Rain,High,8.82,43.98,2.0,452.3,Completed,UPI,4.0,2024-04-01,2024-04
369,115,2024-04-02 00:00:00,0,Tuesday,Bangalore,Auto,Clear,Low,19.52,44.1,1.0,333.4,Completed,UPI,5.0,2024-04-02,2024-04
370,102,2024-04-02 06:00:00,6,Tuesday,Chennai,Sedan,Rain,Low,8.06,35.12,1.5,301.27,Completed,Card,4.5,2024-04-02,2024-04
371,119,2024-04-02 12:00:00,12,Tuesday,Bangalore,Auto,Rain,Medium,7.34,37.1,1.5,296.4,Completed,UPI,4.5,2024-04-02,2024-04
372,123,2024-04-02 18:00:00,18,Tuesday,Chennai,Sedan,Clear,High,18.53,70.54,1.5,564.58,Completed,UPI,4.5,2024-04-02,2024-04
373,121,2024-04-03 00:00:00,0,Wednesday,Hyderabad,Sedan,Clear,Low,3.99,11.77,1.0,113.45,Completed,UPI,5.0,2024-04-03,2024-04
374,123,2024-04-03 06:00:00,6,Wednesday,Bangalore,Sedan,Clear,Low,15.67,51.22,1.0,309.14,Completed,Card,5.0,2024-04-03,2024-04
375,100,2024-04-03 12:00:00,12,Wednesday,Chennai,Auto,Clear,Medium,19.79,79.14,1.0,406.18,Completed,Cash,5.0,2024-04-03,2024-04
376,123,2024-04-03 18:00:00,18,Wednesday,Bangalore,Sedan,Rain,High,18.22,78.51,2.0,778.42,Completed,Card,4.0,2024-04-03,2024-04
377,119,2024-04-04 00:00:00,0,Thursday,Bangalore,Sedan,Rain,Low,13.73,53.5,1.5,441.44,Completed,Cash,4.5,2024-04-04,2024-04
378,110,2024-04-04 06:00:00,6,Thursday,Bangalore,Auto,Clear,Low,7.65,21.19,1.0,168.88,Completed,UPI,5.0,2024-04-04,2024-04
379,116,2024-04-04 12:00:00,12,Thursday,Bangalore,Mini,Clear,Medium,6.58,24.55,1.0,164.91,Completed,Cash,5.0,2024-04-04,2024-04
380,107,2024-04-04 18:00:00,18,Thursday,Chennai,Mini,Clear,High,16.75,74.17,1.5,548.75,Completed,Card,4.5,2024-04-04,2024-04
381,103,2024-04-05 00:00:00,0,Friday,Bangalore,Mini,Clear,Low,17.84,39.64,1.0,307.68,Completed,Card,5.0,2024-04-05,2024-04
382,105,2024-04-05 06:00:00,6,Friday,Chennai,Mini,Clear,Low,11.46,37.46,1.0,239.52,Completed,UPI,5.0,2024-04-05,2024-04
383,107,2024-04-05 12:00:00,12,Friday,Chennai,Mini,Clear,Medium,6.4,22.67,1.0,159.33,Completed,Cash,5.0,2024-04-05,2024-04
384,119,2024-04-05 18:00:00,18,Friday,Chennai,Auto,Clear,High,4.03,12.12,1.5,171.82,Completed,UPI,4.5,2024-04-05,2024-04
385,129,2024-04-06 00:00:00,0,Saturday,Chennai,Mini,Clear,Low,3.57,13.27,1.0,112.25,Completed,UPI,5.0,2024-04-06,2024-04
386,102,2024-04-06 06:00:00,6,Saturday,Chennai,Sedan,Clear,Low,14.94,35.44,1.0,270.28,Completed,Card,5.0,2024-04-06,2024-04
387,115,2024-04-06 12:00:00,12,Saturday,Bangalore,Mini,Clear,Medium,9.56,29.68,1.0,204.95,Completed,Cash,5.0,2024-04-06,2024-04
388,129,2024-04-06 18:00:00,18,Saturday,Bangalore,Auto,Clear,High,18.3,77.73,1.5,582.68,Completed,Cash,4.5,2024-04-06,2024-04
389,124,2024-04-07 00:00:00,0,Sunday,Hyderabad,Auto,Rain,Low,15.31,68.45,1.5,510.01,Completed,Cash,4.5,2024-04-07,2024-04
390,102,2024-04-07 06:00:00,6,Sunday,Chennai,Mini,Clear,Low,5.44,14.92,1.0,134.24,Completed,Cash,5.0,2024-04-07,2024-04
391,124,2024-04-07 12:00:00,12,Sunday,Bangalore,Auto,Rain,Medium,13.05,63.44,1.5,461.07,Completed,UPI,4.5,2024-04-07,2024-04
392,128,2024-04-07 18:00:00,18,Sunday,Bangalore,Mini,Rain,High,9.84,66.41,2.0,562.44,Completed,UPI,4.0,2024-04-07,2024-04
393,117,2024-04-08 00:00:00,0,Monday,Bangalore,Auto,Clear,Low,12.39,40.83,1.0,255.56,Completed,Card,5.0,2024-04-08,2024-04
394,113,2024-04-08 06:00:00,6,Monday,Hyderabad,Mini,Rain,Low,15.29,71.41,1.5,518.57,Completed,UPI,4.5,2024-04-08,2024-04
395,117,2024-04-08 12:00:00,12,Monday,Bangalore,Auto,Clear,Medium,16.51,57.92,1.0,330.94,Completed,UPI,5.0,2024-04-08,2024-04
396,101,2024-04-08 18:00:00,18,Monday,Bangalore,Mini,Clear,High,17.19,53.42,1.5,493.12,Completed,Card,4.5,2024-04-08,2024-04
397,121,2024-04-09 00:00:00,0,Tuesday,Bangalore,Sedan,Clear,Low,6.57,18.33,1.0,152.35,Completed,Card,5.0,2024-04-09,2024-04
398,102,2024-04-09 06:00:00,6,Tuesday,Bangalore,Sedan,Clear,Low,2.56,9.89,1.0,95.37,Completed,Card,5.0,2024-04-09,2024-04
399,115,2024-04-09 12:00:00,12,Tuesday,Hyderabad,Mini,Clear,Medium,15.31,34.47,1.0,272.04,Completed,UPI,5.0,2024-04-09,2024-04
400,128,2024-04-09 18:00:00,18,Tuesday,Bangalore,Mini,Clear,High,3.91,20.38,1.5,194.78,Completed,UPI,4.5,2024-04-09,2024-04
401,108,2024-04-10 00:00:00,0,Wednesday,Hyderabad,Mini,Clear,Low,7.67,30.29,1.0,187.28,Completed,Card,5.0,2024-04-10,2024-04
402,103,2024-04-10 06:00:00,6,Wednesday,Bangalore,Mini,Clear,Low,2.07,4.36,1.0,79.41,Completed,Card,5.0,2024-04-10,2024-04
403,100,2024-04-10 12:00:00,12,Wednesday,Hyderabad,Sedan,Clear,Medium,14.27,48.01,1.0,288.72,Completed,Card,5.0,2024-04-10,2024-04
404,103,2024-04-10 18:00:00,18,Wednesday,Bangalore,Mini,Rain,High,5.01,28.69,2.0,314.95,Cancelled,UPI,3.0,2024-04-10,2024-04
405,100,2024-04-11 00:00:00,0,Thursday,Bangalore,Mini,Clear,Low,13.8,43.59,1.0,275.17,Completed,UPI,5.0,2024-04-11,2024-04
406,113,2024-04-11 06:00:00,6,Thursday,Chennai,Mini,Clear,Low,19.85,43.09,1.0,334.68,Completed,Cash,5.0,2024-04-11,2024-04
407,120,2024-04-11 12:00:00,12,Thursday,Hyderabad,Auto,Rain,Medium,3.31,8.98,1.5,151.58,Completed,UPI,4.5,2024-04-11,2024-04
408,115,2024-04-11 18:00:00,18,Thursday,Hyderabad,Mini,Clear,High,3.39,16.95,1.5,176.71,Completed,UPI,4.5,2024-04-11,2024-04
409,119,2024-04-12 00:00:00,0,Friday,Chennai,Mini,Clear,Low,8.13,29.65,1.0,190.59,Completed,UPI,5.0,2024-04-12,2024-04
410,123,2024-04-12 06:00:00,6,Friday,Hyderabad,Mini,Clear,Low,17.59,62.69,1.0,351.28,Completed,Card,5.0,2024-04-12,2024-04
411,107,2024-04-12 12:00:00,12,Friday,Bangalore,Mini,Clear,Medium,5.88,18.16,1.0,145.11,Completed,UPI,5.0,2024-04-12,2024-04
412,106,2024-04-12 18:00:00,18,Friday,Hyderabad,Auto,Rain,High,8.49,36.42,2.0,415.47,Completed,Card,4.0,2024-04-12,2024-04
413,102,2024-04-13 00:00:00,0,Saturday,Bangalore,Mini,Clear,Low,3.23,10.9,1.0,104.11,Completed,Cash,5.0,2024-04-13,2024-04
414,116,2024-04-13 06:00:00,6,Saturday,Chennai,Mini,Rain,Low,15.74,50.82,1.5,463.57,Completed,Cash,4.5,2024-04-13,2024-04
415,100,2024-04-13 12:00:00,12,Saturday,Hyderabad,Sedan,Clear,Medium,9.35,35.74,1.0,214.97,Completed,Card,5.0,2024-04-13,2024-04
416,115,2024-04-13 18:00:00,18,Saturday,Chennai,Sedan,Clear,High,15.67,86.42,1.5,569.3,Completed,Card,4.5,2024-04-13,2024-04
417,111,2024-04-14 00:00:00,0,Sunday,Chennai,Mini,Clear,Low,18.26,62.43,1.0,357.45,Completed,Card,5.0,2024-04-14,2024-04
418,126,2024-04-14 06:00:00,6,Sunday,Bangalore,Sedan,Clear,Low,6.19,24.13,1.0,160.15,Completed,UPI,5.0,2024-04-14,2024-04
419,118,2024-04-14 12:00:00,12,Sunday,Hyderabad,Auto,Clear,Medium,16.53,34.1,1.0,283.5,Completed,Cash,5.0,2024-04-14,2024-04
420,121,2024-04-14 18:00:00,18,Sunday,Bangalore,Mini,Rain,High,3.06,20.72,2.0,244.08,Completed,Card,4.0,2024-04-14,2024-04
421,122,2024-04-15 00:00:00,0,Monday,Hyderabad,Sedan,Rain,Low,18.18,62.88,1.5,536.33,Completed,UPI,4.5,2024-04-15,2024-04
422,121,2024-04-15 06:00:00,6,Monday,Chennai,Sedan,Clear,Low,13.71,52.26,1.0,291.63,Completed,Cash,5.0,2024-04-15,2024-04
423,113,2024-04-15 12:00:00,12,Monday,Bangalore,Mini,Rain,Medium,17.74,58.42,1.5,516.37,Completed,UPI,4.5,2024-04-15,2024-04
424,129,2024-04-15 18:00:00,18,Monday,Chennai,Mini,Rain,High,2.0,13.45,2.0,193.82,Completed,Cash,4.0,2024-04-15,2024-04
425,105,2024-04-16 00:00:00,0,Tuesday,Chennai,Mini,Clear,Low,5.04,18.93,1.0,138.25,Completed,UPI,5.0,2024-04-16,2024-04
426,105,2024-04-16 06:00:00,6,Tuesday,Chennai,Auto,Clear,Low,9.02,18.79,1.0,177.78,Completed,Cash,5.0,2024-04-16,2024-04
427,112,2024-04-16 12:00:00,12,Tuesday,Chennai,Auto,Clear,Medium,8.83,24.68,1.0,187.66,Completed,Cash,5.0,2024-04-16,2024-04
428,118,2024-04-16 18:00:00,18,Tuesday,Bangalore,Sedan,Clear,High,6.08,32.14,1.5,262.63,Completed,UPI,4.5,2024-04-16,2024-04
429,121,2024-04-17 00:00:00,0,Wednesday,Chennai,Mini,Clear,Low,8.87,25.81,1.0,190.32,Completed,Card,5.0,2024-04-17,2024-04
430,107,2024-04-17 06:00:00,6,Wednesday,Hyderabad,Sedan,Clear,Low,4.32,10.95,1.0,115.1,Completed,Cash,5.0,2024-04-17,2024-04
431,126,2024-04-17 12:00:00,12,Wednesday,Bangalore,Sedan,Rain,Medium,9.43,29.91,1.5,306.17,Cancelled,Card,3.5,2024-04-17,2024-04
432,126,2024-04-17 18:00:00,18,Wednesday,Chennai,Mini,Clear,High,16.44,55.81,1.5,489.02,Completed,UPI,4.5,2024-04-17,2024-04
433,101,2024-04-18 00:00:00,0,Thursday,Bangalore,Mini,Clear,Low,10.62,39.45,1.0,235.09,Completed,Card,5.0,2024-04-18,2024-04
434,120,2024-04-18 06:00:00,6,Thursday,Bangalore,Auto,Rain,Low,2.32,9.5,1.5,138.31,Completed,Card,4.5,2024-04-18,2024-04
435,129,2024-04-18 12:00:00,12,Thursday,Chennai,Mini,Rain,Medium,9.59,26.84,1.5,299.37,Completed,Card,4.5,2024-04-18,2024-04
436,100,2024-04-18 18:00:00,18,Thursday,Chennai,Auto,Clear,High,2.49,10.33,1.5,143.33,Completed,Card,4.5,2024-04-18,2024-04
437,127,2024-04-19 00:00:00,0,Friday,Bangalore,Mini,Rain,Low,19.39,68.95,1.5,572.71,Completed,Card,4.5,2024-04-19,2024-04
438,114,2024-04-19 06:00:00,6,Friday,Chennai,Mini,Clear,Low,4.29,10.14,1.0,113.18,Completed,Cash,5.0,2024-04-19,2024-04
439,100,2024-04-19 12:00:00,12,Friday,Bangalore,Mini,Clear,Medium,14.74,42.32,1.0,282.04,Completed,Cash,5.0,2024-04-19,2024-04
440,104,2024-04-19 18:00:00,18,Friday,Bangalore,Mini,Clear,High,19.51,77.97,1.5,601.55,Completed,Cash,4.5,2024-04-19,2024-04
441,127,2024-04-20 00:00:00,0,Saturday,Bangalore,Auto,Clear,Low,16.87,45.27,1.0,309.24,Completed,UPI,5.0,2024-04-20,2024-04
442,128,2024-04-20 06:00:00,6,Saturday,Bangalore,Mini,Clear,Low,14.59,50.74,1.0,297.39,Completed,Card,5.0,2024-04-20,2024-04
443,115,2024-04-20 12:00:00,12,Saturday,Bangalore,Auto,Clear,Medium,17.11,41.86,1.0,304.82,Completed,Cash,5.0,2024-04-20,2024-04
444,118,2024-04-20 18:00:00,18,Saturday,Chennai,Sedan,Clear,High,19.67,96.89,1.5,660.71,Completed,UPI,4.5,2024-04-20,2024-04
445,103,2024-04-21 00:00:00,0,Sunday,Chennai,Auto,Clear,Low,13.18,41.4,1.0,264.6,Completed,Cash,5.0,2024-04-21,2024-04
446,102,2024-04-21 06:00:00,6,Sunday,Bangalore,Mini,Clear,Low,12.07,37.85,1.0,246.41,Completed,Cash,5.0,2024-04-21,2024-04
447,116,2024-04-21 12:00:00,12,Sunday,Hyderabad,Auto,Rain,Medium,13.31,57.55,1.5,447.3,Completed,Card,4.5,2024-04-21,2024-04
448,116,2024-04-21 18:00:00,18,Sunday,Chennai,Sedan,Clear,High,11.59,53.84,1.5,410.36,Completed,UPI,4.5,2024-04-21,2024-04
449,111,2024-04-22 00:00:00,0,Monday,Bangalore,Mini,Clear,Low,13.43,50.48,1.0,285.25,Completed,Card,5.0,2024-04-22,2024-04
450,127,2024-04-22 06:00:00,6,Monday,Hyderabad,Mini,Clear,Low,10.1,33.85,1.0,218.69,Completed,Card,5.0,2024-04-22,2024-04
451,129,2024-04-22 12:00:00,12,Monday,Hyderabad,Auto,Clear,Medium,5.93,18.35,1.0,145.99,Completed,Cash,5.0,2024-04-22,2024-04
452,128,2024-04-22 18:00:00,18,Monday,Bangalore,Auto,Clear,High,4.16,22.84,1.5,205.91,Completed,Card,4.5,2024-04-22,2024-04
453,113,2024-04-23 00:00:00,0,Tuesday,Bangalore,Mini,Rain,Low,3.23,13.49,1.5,163.92,Completed,UPI,4.5,2024-04-23,2024-04
454,120,2024-04-23 06:00:00,6,Tuesday,Hyderabad,Sedan,Clear,Low,6.74,17.4,1.0,152.21,Completed,Card,5.0,2024-04-23,2024-04
455,105,2024-04-23 12:00:00,12,Tuesday,Chennai,Auto,Clear,Medium,2.83,6.83,1.0,91.96,Completed,Card,5.0,2024-04-23,2024-04
456,102,2024-04-23 18:00:00,18,Tuesday,Bangalore,Auto,Clear,High,12.21,42.21,1.5,384.78,Completed,Card,4.5,2024-04-23,2024-04
457,127,2024-04-24 00:00:00,0,Wednesday,Chennai,Auto,Clear,Low,7.11,27.01,1.0,175.12,Completed,Cash,5.0,2024-04-24,2024-04
458,108,2024-04-24 06:00:00,6,Wednesday,Hyderabad,Sedan,Clear,Low,16.84,57.6,1.0,333.59,Completed,UPI,5.0,2024-04-24,2024-04
459,104,2024-04-24 12:00:00,12,Wednesday,Chennai,Mini,Clear,Medium,3.34,12.94,1.0,109.28,Completed,Cash,5.0,2024-04-24,2024-04
460,123,2024-04-24 18:00:00,18,Wednesday,Chennai,Mini,Clear,High,6.07,29.2,1.5,253.64,Completed,Cash,4.5,2024-04-24,2024-04
461,128,2024-04-25 00:00:00,0,Thursday,Hyderabad,Mini,Clear,Low,15.14,44.61,1.0,290.63,Completed,Cash,5.0,2024-04-25,2024-04
462,116,2024-04-25 06:00:00,6,Thursday,Bangalore,Sedan,Clear,Low,12.78,27.09,1.0,231.97,Completed,Cash,5.0,2024-04-25,2024-04
463,113,2024-04-25 12:00:00,12,Thursday,Bangalore,Sedan,Clear,Medium,3.16,10.56,1.0,102.73,Completed,Cash,5.0,2024-04-25,2024-04
464,120,2024-04-25 18:00:00,18,Thursday,Chennai,Mini,Rain,High,17.79,109.78,2.0,894.9,Cancelled,UPI,3.0,2024-04-25,2024-04
465,102,2024-04-26 00:00:00,0,Friday,Hyderabad,Auto,Rain,Low,17.79,92.06,1.5,618.02,Completed,Card,4.5,2024-04-26,2024-04
466,127,2024-04-26 06:00:00,6,Friday,Bangalore,Sedan,Rain,Low,7.95,25.61,1.5,271.09,Completed,Cash,4.5,2024-04-26,2024-04
467,100,2024-04-26 12:00:00,12,Friday,Chennai,Sedan,Clear,Medium,8.13,24.89,1.0,181.08,Completed,Cash,5.0,2024-04-26,2024-04
468,119,2024-04-26 18:00:00,18,Friday,Chennai,Mini,Clear,High,19.8,98.07,1.5,666.2,Completed,UPI,4.5,2024-04-26,2024-04
469,128,2024-04-27 00:00:00,0,Saturday,Bangalore,Sedan,Clear,Low,13.27,43.65,1.0,269.99,Completed,UPI,5.0,2024-04-27,2024-04
470,120,2024-04-27 06:00:00,6,Saturday,Chennai,Mini,Clear,Low,11.56,36.1,1.0,237.79,Completed,Card,5.0,2024-04-27,2024-04
471,122,2024-04-27 12:00:00,12,Saturday,Hyderabad,Mini,Clear,Medium,17.09,60.74,1.0,342.37,Completed,UPI,5.0,2024-04-27,2024-04
472,100,2024-04-27 18:00:00,18,Saturday,Chennai,Mini,Clear,High,7.14,25.81,1.5,259.53,Completed,Card,4.5,2024-04-27,2024-04
473,102,2024-04-28 00:00:00,0,Sunday,Chennai,Mini,Clear,Low,9.73,33.58,1.0,214.46,Completed,Cash,5.0,2024-04-28,2024-04
474,117,2024-04-28 06:00:00,6,Sunday,Bangalore,Mini,Rain,Low,6.82,28.72,1.5,263.46,Completed,Cash,4.5,2024-04-28,2024-04
475,124,2024-04-28 12:00:00,12,Sunday,Chennai,Sedan,Clear,Medium,16.2,61.43,1.0,334.87,Completed,Card,5.0,2024-04-28,2024-04
476,109,2024-04-28 18:00:00,18,Sunday,Bangalore,Mini,Clear,High,12.32,68.27,1.5,464.62,Completed,UPI,4.5,2024-04-28,2024-04
477,121,2024-04-29 00:00:00,0,Monday,Bangalore,Sedan,Clear,Low,13.86,36.46,1.0,261.51,Completed,Card,5.0,2024-04-29,2024-04
478,125,2024-04-29 06:00:00,6,Monday,Chennai,Mini,Rain,Low,6.54,21.7,1.5,238.2,Completed,UPI,4.5,2024-04-29,2024-04
479,102,2024-04-29 12:00:00,12,Monday,Bangalore,Auto,Clear,Medium,5.96,23.62,1.0,156.84,Completed,Cash,5.0,2024-04-29,2024-04
480,107,2024-04-29 18:00:00,18,Monday,Bangalore,Auto,Clear,High,10.79,49.44,1.5,385.16,Completed,UPI,4.5,2024-04-29,2024-04
481,113,2024-04-30 00:00:00,0,Tuesday,Chennai,Mini,Clear,Low,15.28,58.26,1.0,319.32,Completed,Card,5.0,2024-04-30,2024-04
482,123,2024-04-30 06:00:00,6,Tuesday,Bangalore,Mini,Clear,Low,11.45,26.65,1.0,217.81,Completed,Card,5.0,2024-04-30,2024-04
483,117,2024-04-30 12:00:00,12,Tuesday,Bangalore,Mini,Clear,Medium,2.59,8.51,1.0,92.92,Completed,Cash,5.0,2024-04-30,2024-04
484,114,2024-04-30 18:00:00,18,Tuesday,Chennai,Sedan,Rain,High,17.63,124.44,2.0,950.36,Completed,UPI,4.0,2024-04-30,2024-04
485,121,2024-05-01 00:00:00,0,Wednesday,Chennai,Sedan,Clear,Low,3.16,12.31,1.0,106.22,Completed,UPI,5.0,2024-05-01,2024-05
486,122,2024-05-01 06:00:00,6,Wednesday,Bangalore,Mini,Clear,Low,19.2,51.35,1.0,344.71,Completed,UPI,5.0,2024-05-01,2024-05
487,101,2024-05-01 12:00:00,12,Wednesday,Hyderabad,Sedan,Clear,Medium,2.45,8.45,1.0,91.4,Completed,Cash,5.0,2024-05-01,2024-05
488,126,2024-05-01 18:00:00,18,Wednesday,Bangalore,Mini,Clear,High,14.5,66.94,1.5,493.32,Completed,UPI,4.5,2024-05-01,2024-05
489,109,2024-05-02 00:00:00,0,Thursday,Chennai,Mini,Clear,Low,3.48,7.38,1.0,99.56,Completed,Card,5.0,2024-05-02,2024-05
490,101,2024-05-02 06:00:00,6,Thursday,Chennai,Sedan,Clear,Low,18.39,62.16,1.0,358.22,Completed,UPI,5.0,2024-05-02,2024-05
491,125,2024-05-02 12:00:00,12,Thursday,Hyderabad,Mini,Clear,Medium,10.36,35.02,1.0,223.64,Completed,Cash,5.0,2024-05-02,2024-05
492,116,2024-05-02 18:00:00,18,Thursday,Chennai,Sedan,Clear,High,4.48,25.95,1.5,220.04,Completed,UPI,4.5,2024-05-02,2024-05
493,107,2024-05-03 00:00:00,0,Friday,Chennai,Mini,Clear,Low,8.13,24.35,1.0,179.99,Completed,UPI,5.0,2024-05-03,2024-05
494,100,2024-05-03 06:00:00,6,Friday,Chennai,Auto,Clear,Low,4.97,12.23,1.0,124.16,Completed,Card,5.0,2024-05-03,2024-05
495,108,2024-05-03 12:00:00,12,Friday,Bangalore,Mini,Clear,Medium,5.07,10.59,1.0,121.88,Completed,UPI,5.0,2024-05-03,2024-05
496,110,2024-05-03 18:00:00,18,Friday,Bangalore,Mini,Rain,High,19.07,105.29,2.0,902.54,Completed,Card,4.0,2024-05-03,2024-05
497,121,2024-05-04 00:00:00,0,Saturday,Chennai,Sedan,Clear,Low,10.01,26.06,1.0,202.23,Completed,Card,5.0,2024-05-04,2024-05
498,115,2024-05-04 06:00:00,6,Saturday,Bangalore,Mini,Clear,Low,16.2,57.06,1.0,326.12,Completed,Cash,5.0,2024-05-04,2024-05
499,106,2024-05-04 12:00:00,12,Saturday,Chennai,Auto,Rain,Medium,13.51,47.57,1.5,420.36,Completed,Card,4.5,2024-05-04,2024-05
500,128,2024-05-04 18:00:00,18,Saturday,Bangalore,Sedan,Clear,High,14.18,82.91,1.5,536.44,Completed,Card,4.5,2024-05-04,2024-05
